{
    "toothbrush": 162.6009521484375,
    "pill": 273.07373046875,
    "capsule": 101.38514709472656,
    "cable": 567.5994262695312,
    "bottle": 256.34136962890625
}